env_feature,n,sd,mean,se
Global Mean,23323,0.09284378,0.02968796,3.980782e-06
